X,Y,Z,Angle,Distance,Retro,UTC
741039.07630157,3740621.6204834,261.4928894,0.41015,6.24,0.298,56015.402344
