X,Y,Z,Angle,Distance,Retro,UTC
741026.94960022,3740621.61462402,261.65640259,0.42761,6.3,0.331,56017.480469
741026.8621006,3740621.61920166,261.65429688,0.42761,6.31,0.331,56017.496094
741026.78230095,3740621.61877441,261.65618896,0.42761,6.31,0.348,56017.507813
