X,Y,Z,Angle,Distance,Retro,UTC
741029.9253006,3740621.61199951,261.61691284,0.42761,6.26,0.304,56016.988281
