X,Y,Z,Angle,Distance,Retro,UTC
741027.40730095,3740622.06268311,261.66030884,0.49742,6.44,0.315,56017.425781
